{
  "checkpoint": "/root/FinalProject/official_reproduction/data/epoch=0550-test_mean_score=0.969.ckpt",
  "device": "cuda:0",
  "max_steps": 300,
  "n_envs": 5,
  "n_test": 50,
  "n_train": 0,
  "num_inference_steps": 100,
  "runner_log": {
    "test/mean_score": 0.917716613377729,
    "test/sim_max_reward_4300000": 1.0,
    "test/sim_max_reward_4300001": 0.9786935530172769,
    "test/sim_max_reward_4300002": 1.0,
    "test/sim_max_reward_4300003": 0.9945213167357053,
    "test/sim_max_reward_4300004": 1.0,
    "test/sim_max_reward_4300005": 0.9875737223932815,
    "test/sim_max_reward_4300006": 0.9557071001546733,
    "test/sim_max_reward_4300007": 1.0,
    "test/sim_max_reward_4300008": 0.9622235116366328,
    "test/sim_max_reward_4300009": 1.0,
    "test/sim_max_reward_4300010": 1.0,
    "test/sim_max_reward_4300011": 0.9929122459786786,
    "test/sim_max_reward_4300012": 0.9855094915671876,
    "test/sim_max_reward_4300013": 0.9695098207985228,
    "test/sim_max_reward_4300014": 0.9835904587028713,
    "test/sim_max_reward_4300015": 0.9674353433384626,
    "test/sim_max_reward_4300016": 1.0,
    "test/sim_max_reward_4300017": 0.9716952513674068,
    "test/sim_max_reward_4300018": 1.0,
    "test/sim_max_reward_4300019": 0.18707923626331843,
    "test/sim_max_reward_4300020": 0.9985556712735381,
    "test/sim_max_reward_4300021": 0.9756416691356463,
    "test/sim_max_reward_4300022": 1.0,
    "test/sim_max_reward_4300023": 1.0,
    "test/sim_max_reward_4300024": 1.0,
    "test/sim_max_reward_4300025": 0.9702094755917844,
    "test/sim_max_reward_4300026": 1.0,
    "test/sim_max_reward_4300027": 0.9799452094894516,
    "test/sim_max_reward_4300028": 1.0,
    "test/sim_max_reward_4300029": 0.0,
    "test/sim_max_reward_4300030": 0.6540402219249534,
    "test/sim_max_reward_4300031": 0.9715401354581662,
    "test/sim_max_reward_4300032": 1.0,
    "test/sim_max_reward_4300033": 1.0,
    "test/sim_max_reward_4300034": 1.0,
    "test/sim_max_reward_4300035": 0.0,
    "test/sim_max_reward_4300036": 1.0,
    "test/sim_max_reward_4300037": 0.9785705732175541,
    "test/sim_max_reward_4300038": 1.0,
    "test/sim_max_reward_4300039": 0.9698600266419458,
    "test/sim_max_reward_4300040": 1.0,
    "test/sim_max_reward_4300041": 0.980963749812385,
    "test/sim_max_reward_4300042": 1.0,
    "test/sim_max_reward_4300043": 0.6422374670830862,
    "test/sim_max_reward_4300044": 0.9760771643491033,
    "test/sim_max_reward_4300045": 1.0,
    "test/sim_max_reward_4300046": 1.0,
    "test/sim_max_reward_4300047": 0.8695912171819785,
    "test/sim_max_reward_4300048": 1.0,
    "test/sim_max_reward_4300049": 0.9821470357728301
  },
  "source": "/root/FinalProject/official_reproduction/diffusion_policy_source"
}