{
  "checkpoint": "/root/FinalProject/official_reproduction/data/epoch=0550-test_mean_score=0.969.ckpt",
  "device": "cuda:0",
  "max_steps": 300,
  "n_envs": 5,
  "n_test": 50,
  "n_train": 0,
  "num_inference_steps": 100,
  "runner_log": {
    "test/mean_score": 0.9186505414953691,
    "test/sim_max_reward_4300000": 0.9954543523864112,
    "test/sim_max_reward_4300001": 0.9790175134939684,
    "test/sim_max_reward_4300002": 1.0,
    "test/sim_max_reward_4300003": 0.9945756660250926,
    "test/sim_max_reward_4300004": 1.0,
    "test/sim_max_reward_4300005": 0.9867346461883904,
    "test/sim_max_reward_4300006": 0.9558860994224769,
    "test/sim_max_reward_4300007": 1.0,
    "test/sim_max_reward_4300008": 0.9631564347640007,
    "test/sim_max_reward_4300009": 1.0,
    "test/sim_max_reward_4300010": 1.0,
    "test/sim_max_reward_4300011": 0.9983308126485224,
    "test/sim_max_reward_4300012": 0.9857014443322266,
    "test/sim_max_reward_4300013": 0.969823625066314,
    "test/sim_max_reward_4300014": 0.9819217053684444,
    "test/sim_max_reward_4300015": 0.9732835884311036,
    "test/sim_max_reward_4300016": 1.0,
    "test/sim_max_reward_4300017": 1.0,
    "test/sim_max_reward_4300018": 1.0,
    "test/sim_max_reward_4300019": 0.18707851190424016,
    "test/sim_max_reward_4300020": 1.0,
    "test/sim_max_reward_4300021": 0.9770397395826346,
    "test/sim_max_reward_4300022": 1.0,
    "test/sim_max_reward_4300023": 1.0,
    "test/sim_max_reward_4300024": 0.9925210415890935,
    "test/sim_max_reward_4300025": 0.9714574363807309,
    "test/sim_max_reward_4300026": 1.0,
    "test/sim_max_reward_4300027": 0.9792144131944321,
    "test/sim_max_reward_4300028": 1.0,
    "test/sim_max_reward_4300029": 0.0,
    "test/sim_max_reward_4300030": 0.633972523141179,
    "test/sim_max_reward_4300031": 0.9719121014342552,
    "test/sim_max_reward_4300032": 1.0,
    "test/sim_max_reward_4300033": 1.0,
    "test/sim_max_reward_4300034": 1.0,
    "test/sim_max_reward_4300035": 0.0,
    "test/sim_max_reward_4300036": 1.0,
    "test/sim_max_reward_4300037": 0.9760016844824477,
    "test/sim_max_reward_4300038": 1.0,
    "test/sim_max_reward_4300039": 0.988129902257443,
    "test/sim_max_reward_4300040": 1.0,
    "test/sim_max_reward_4300041": 0.9810752490630552,
    "test/sim_max_reward_4300042": 1.0,
    "test/sim_max_reward_4300043": 0.6421091015030518,
    "test/sim_max_reward_4300044": 0.9751140455584358,
    "test/sim_max_reward_4300045": 1.0,
    "test/sim_max_reward_4300046": 1.0,
    "test/sim_max_reward_4300047": 0.8730154365505003,
    "test/sim_max_reward_4300048": 1.0,
    "test/sim_max_reward_4300049": 1.0
  },
  "source": "/root/FinalProject/official_reproduction/diffusion_policy_source"
}